Record Id,Product Name,Product Code,Product Active,Manufacturer,Product Category,Quantity in Stock,Reorder Level,Unit Price,Tax,Status,Product Image
zcrm_6980323000000597048,TN 2355,TN 2355,Yes,Brother,Laser Toner,30.00,5.00,717,14,游릭 IN STOCK,https://dealerportal.brother.co.za/wl/?id=IkWsdkPcX4AQMT8Of9EDo6FliveLMR9w
zcrm_6980323000000597049,TN 369 BK,TN 369 BK,Yes,Brother,Laser Toner,30.00,5.00,1334,14,游릭 IN STOCK,https://dealerportal.brother.co.za/wl/?id=WpfJkQNQ1Coa9zmUAYTnTGcDsOzxD4GD
zcrm_6980323000000597050,TN 369 C,TN 369 C,Yes,Brother,Laser Toner,30.00,5.00,2391,14,游릭 IN STOCK,https://dealerportal.brother.co.za/wl/?id=yRz3xMvv5bC86VEFckfHbZfFyBXT2HCw
zcrm_6980323000000597051,TN 369 M,TN 369 M,Yes,Brother,Laser Toner,30.00,5.00,2394,14,游릭 IN STOCK,https://dealerportal.brother.co.za/wl/?id=ZsOODT6dB1NYrw9rGMfZyxyBOfMXRJBn
zcrm_6980323000000597052,TN 369 Y,TN 369 Y,Yes,Brother,Laser Toner,30.00,5.00,2098,14,游릭 IN STOCK,https://dealerportal.brother.co.za/wl/?id=zDW30LIBHFCtoFBcFrlhbX39zvcQGpRb
zcrm_6980323000000597053,TN-3350,TN-3350,Yes,Brother,Laser Toner,30.00,5.00,1571,14,游릭 IN STOCK,https://dealerportal.brother.co.za/wl/?id=csvGDiO0UK6KuNPptzOfSK2ImDDmE60c
zcrm_6980323000000597054,TN-3617XXL,TN-3617XXL,Yes,Brother,Laser Toner,30.00,5.00,1725,14,游릭 IN STOCK,https://dealerportal.brother.co.za/wl/?id=NWh4eF0k9RczQN7Y7yUPEoaPjyE4oKCO
zcrm_6980323000000597055,TN-3607XXL,TN-3607XXL,Yes,Brother,Laser Toner,30.00,5.00,1540,14,游릭 IN STOCK,https://dealerportal.brother.co.za/wl/?id=tIFQbO5T9niXmCe0yws8oj0LCKrL0DUW
zcrm_6980323000000597056,TN-3487,TN-3487,Yes,Brother,Laser Toner,30.00,5.00,1462,14,游릭 IN STOCK,https://dealerportal.brother.co.za/wl/?id=23CaTUaLy1f2dya5pU0TV4jrDRhaWu9l
zcrm_6980323000000597057,TN-3467,TN-3467,Yes,Brother,Laser Toner,30.00,5.00,1338,14,游릭 IN STOCK,https://dealerportal.brother.co.za/wl/?id=y774yFmWdzOSBbm1ZVcZPZcwD1xlvluf
zcrm_6980323000000597058,TN 469 BK,TN 469 BK,Yes,Brother,Laser Toner,30.00,5.00,1682,14,游릭 IN STOCK,https://dealerportal.brother.co.za/wl/?id=4p7Upx0w9dicadBS4hMQUqjtCpMS9XpQ
zcrm_6980323000000597059,TN 469 C,TN 469 C,Yes,Brother,Laser Toner,30.00,5.00,2113,14,游릭 IN STOCK,https://dealerportal.brother.co.za/wl/?id=lsjhiHO4qtKPukK2g9BuAs6sLy8l5fd7
zcrm_6980323000000597060,TN 469 M,TN 469 M,Yes,Brother,Laser Toner,30.00,5.00,2114,14,游릭 IN STOCK,https://dealerportal.brother.co.za/wl/?id=2LNk746nEXWSpgd9zNsfO9GJrmBassV0
zcrm_6980323000000597061,TN 469 Y,TN 469 Y,Yes,Brother,Laser Toner,30.00,5.00,2104,14,游릭 IN STOCK,https://dealerportal.brother.co.za/wl/?id=DVtZlIg76X2fM6Pc0vrdXv3EJwbg7w4O
zcrm_6980323000000597062,TN-871XXLM,TN-871XXLM,Yes,Brother,Laser Toner,30.00,5.00,2731,14,游릭 IN STOCK,https://dealerportal.brother.co.za/wl/?id=JzJiIZHWhDMlIPLCO2Tnv8tvP8GYnbgs
zcrm_6980323000000597063,TN-871XXLY,TN-871XXLY,Yes,Brother,Laser Toner,30.00,5.00,2731,14,游릭 IN STOCK,https://dealerportal.brother.co.za/wl/?id=vgfqbeYkNzBCvh2tn8rHuVbTEqLz72Er
zcrm_6980323000000597064,TN-871XXLBK,TN-871XXLBK,Yes,Brother,Laser Toner,30.00,5.00,2093,14,游릭 IN STOCK,https://dealerportal.brother.co.za/wl/?id=eKksSoAQzhZE26epkLY2yhqYV5kcLEbT
zcrm_6980323000000597065,TN-871XXLC,TN-871XXLC,Yes,Brother,Laser Toner,30.00,5.00,2731,14,游릭 IN STOCK,https://dealerportal.brother.co.za/wl/?id=uUqfxYRlPW9UMWRypAv3tnpiwQg2Ovb5
zcrm_6980323000000597066,TN-240C,TN-240C,Yes,Brother,Laser Toner,30.00,5.00,801,14,游릭 IN STOCK,https://dealerportal.brother.co.za/wl/?id=RpLqUV1qpvwpgu5QLc5Iespa8Hgax3Vx
zcrm_6980323000000597067,TN-240Y,TN-240Y,Yes,Brother,Laser Toner,30.00,5.00,801,14,游릭 IN STOCK,https://dealerportal.brother.co.za/wl/?id=VSPL5lsRyukzcOUUcxjFndCcg6pRgCij
zcrm_6980323000000597068,TN-240M,TN-240M,Yes,Brother,Laser Toner,30.00,5.00,801,14,游릭 IN STOCK,https://dealerportal.brother.co.za/wl/?id=nH0xta3hJ6kJx2bRe5qv3bzrY3JEp7EU
zcrm_6980323000000597069,TN-279XXLY,TN-279XXLY,Yes,Brother,Laser Toner,30.00,5.00,1254,14,游릭 IN STOCK,https://dealerportal.brother.co.za/wl/?id=Bxirs6868rxJ76OB1mu7aPk7uOkWLP52
zcrm_6980323000000597070,TN-279XXLC,TN-279XXLC,Yes,Brother,Laser Toner,30.00,5.00,1690,14,游릭 IN STOCK,https://dealerportal.brother.co.za/wl/?id=l0VfaQou1NwX8rVLkbzWWwEwIPsseues
zcrm_6980323000000597071,TN-279XXLM,TN-279XXLM,Yes,Brother,Laser Toner,30.00,5.00,1690,14,游릭 IN STOCK,https://dealerportal.brother.co.za/wl/?id=NrACEBFcKv3izkNgEoaKzNjYxb9o2NRd
zcrm_6980323000000597072,TN-240BK,TN-240BK,Yes,Brother,Laser Toner,30.00,5.00,836,14,游릭 IN STOCK,https://dealerportal.brother.co.za/wl/?id=m02Oo1xkPRTOvTrSCG3oaOJHRCS1SJgW
zcrm_6980323000000597073,TN-279XXLBK,TN-279XXLBK,Yes,Brother,Laser Toner,30.00,5.00,1157,14,游릭 IN STOCK,https://dealerportal.brother.co.za/wl/?id=LvyZtJVTPFoCW1xkBjTkuOQ6S7r6Vxnm
zcrm_6980323000000597074,TN-277Y,TN-277Y,Yes,Brother,Laser Toner,30.00,5.00,1238,14,游릭 IN STOCK,https://dealerportal.brother.co.za/wl/?id=jwNUKozNbvRJUo9a9FSWbazl3AkLrioS
zcrm_6980323000000597075,TN-277C,TN-277C,Yes,Brother,Laser Toner,30.00,5.00,1238,14,游릭 IN STOCK,https://dealerportal.brother.co.za/wl/?id=bkYNIMpagcpnQNworNQoTFozM24XO3hy
zcrm_6980323000000597076,TN-277M,TN-277M,Yes,Brother,Laser Toner,30.00,5.00,1238,14,游릭 IN STOCK,https://dealerportal.brother.co.za/wl/?id=AWhVtoSLtoWINkwZLzP5izdvUS0zKDZk
zcrm_6980323000000597077,TN-279XLBK,TN-279XLBK,Yes,Brother,Laser Toner,30.00,5.00,999,14,游릭 IN STOCK,https://dealerportal.brother.co.za/wl/?id=AWhVtoSLtoWINkwZLzP5izdvUS0zKDZk
zcrm_6980323000000597078,TN-279XLY,TN-279XLY,Yes,Brother,Laser Toner,30.00,5.00,1196,14,游릭 IN STOCK,https://dealerportal.brother.co.za/wl/?id=3z19uXULMlfSCdSVoYbWL2gyanSSECDz
zcrm_6980323000000597079,TN-277BK,TN-277BK,Yes,Brother,Laser Toner,30.00,5.00,1038,14,游릭 IN STOCK,https://dealerportal.brother.co.za/wl/?id=Mfh5QevakMnYECa3kqbxhbGhs4ojOYmT
zcrm_6980323000000597080,TN-279XLC,TN-279XLC,Yes,Brother,Laser Toner,30.00,5.00,1196,14,游릭 IN STOCK,https://dealerportal.brother.co.za/wl/?id=3z19uXULMlfSCdSVoYbWL2gyanSSECDz
zcrm_6980323000000597081,TN-279XLM,TN-279XLM,Yes,Brother,Laser Toner,30.00,5.00,1196,14,游릭 IN STOCK,https://dealerportal.brother.co.za/wl/?id=mm1WOLqFDkPI1fe8mJDR6n1v14J2KGDB